[
  {
    "id": "5e709d7e-5f81-42d4-8a34-0a032dc20b1f",
    "content": "Sacar a pasear al Perro",
    "done": false,
    "createdAt": 1681051990292,
    "updatedAt": 1681051990292,
    "userId": "04ad8943-4532-44b7-8a8f-a1e75b034fd3"
  },
  {
    "id": "d9004d00-f748-47cb-9d6b-8f228d3a7276",
    "content": "Ir al supermercado",
    "done": false,
    "createdAt": 1681052045663,
    "updatedAt": 1681052045663,
    "userId": "04ad8943-4532-44b7-8a8f-a1e75b034fd3"
  },
  {
    "id": "793218ab-013e-4299-9185-2410ef8e4493",
    "content": "Comprar Pan",
    "done": false,
    "createdAt": 1681052057532,
    "updatedAt": 1681060944779,
    "userId": "04ad8943-4532-44b7-8a8f-a1e75b034fd3"
  },
  {
    "id": "203e3b23-362b-479d-84d4-d89c2926cb37",
    "content": "Sacar la Basura",
    "done": false,
    "createdAt": 1681052081526,
    "updatedAt": 1681052081526,
    "userId": "d08ecfc9-e709-4e7b-a192-b0ebeb3ed752"
  },
  {
    "id": "fd225a22-fef5-487e-a840-3fd8280f3d52",
    "content": "Llamar a Mamá",
    "done": false,
    "createdAt": 1681052092008,
    "updatedAt": 1681052092008,
    "userId": "d08ecfc9-e709-4e7b-a192-b0ebeb3ed752"
  },
  {
    "id": "fdc62bfb-6c42-4e9c-93c1-987c4e535b47",
    "content": "Regar plantas",
    "done": false,
    "createdAt": 1681052104012,
    "updatedAt": 1681052104012,
    "userId": "d08ecfc9-e709-4e7b-a192-b0ebeb3ed752"
  }
]